<?xml version="1.0" encoding="UTF-8"?>
<project-private xmlns="http://www.netbeans.org/ns/project-private/1">
    <editor-bookmarks xmlns="http://www.netbeans.org/ns/editor-bookmarks/2" lastBookmarkId="0"/>
    <open-files xmlns="http://www.netbeans.org/ns/projectui-open-files/2">
        <group>
            <file>file:/D:/wamp64/www/dir_cursos/curso-sistema-ordem-servico/application/views/clientes/novo.php</file>
            <file>file:/D:/wamp64/www/dir_cursos/curso-sistema-ordem-servico/application/views/clientes/index.php</file>
            <file>file:/D:/wamp64/www/dir_cursos/curso-sistema-ordem-servico/assets/js/mask/app.js</file>
            <file>file:/D:/wamp64/www/dir_cursos/curso-sistema-ordem-servico/application/views/clientes/editar.php</file>
            <file>file:/D:/wamp64/www/dir_cursos/curso-sistema-ordem-servico/application/controllers/clientes.php</file>
        </group>
    </open-files>
</project-private>
